protocol,case_name,connections,local_median_rps,upstream_median_rps,delta_rps_pct,local_median_p99_ms,upstream_median_p99_ms,delta_p99_pct,local_err_sum,upstream_err_sum
http,ping,1024,87274.805,70866.44,23.153928714353352,33.510000000000005,26.445,26.71582529778788,0,0
http,ping,2048,89322.225,63423.145000000004,40.835376422913114,243.93,57.150000000000006,326.8241469816273,0,0
http,echo_raw,1024,84668.655,70583.36,19.95554617972281,28.475,25.47,11.798193953670996,0,0
http,echo_raw,2048,86987.765,64784.22,34.27307606698051,192.58999999999997,55.129999999999995,249.33792853255937,0,0
https,ping,1024,74196.13,61720.415,20.21327141108822,38.845,30.28,28.285997357992066,0,0
https,ping,2048,71054.285,52318.27,35.81161036096952,128.98,71.73,79.8131883451833,0,0
https,echo_raw,1024,71132.63,59852.86,18.84583293095769,34.755,30.520000000000003,13.876146788990823,0,0
https,echo_raw,2048,71471.095,50930.535,40.330540411562524,113.22,72.815,55.48994025956191,0,0
